{
	"IcoMoonType": "selection",
	"icons": [
		{
			"icon": {
				"paths": [
					"M592 448h-16v-192c0-105.87-86.13-192-192-192h-128c-105.87 0-192 86.13-192 192v192h-16c-26.4 0-48 21.6-48 48v480c0 26.4 21.6 48 48 48h544c26.4 0 48-21.6 48-48v-480c0-26.4-21.6-48-48-48zM384 896h-128l27.84-139.2c-16.808-11.532-27.84-30.874-27.84-52.8 0-35.346 28.654-64 64-64 35.346 0 64 28.654 64 64 0 21.926-11.032 41.268-27.84 52.8l27.84 139.2zM448 448h-256v-192c0-35.29 28.71-64 64-64h128c35.29 0 64 28.71 64 64v192z"
				],
				"tags": [
					"lock",
					"secure",
					"private",
					"encrypted"
				],
				"grid": 16
			},
			"properties": {
				"order": 5,
				"id": 138,
				"prevSize": 32,
				"code": 58881,
				"name": "lock",
				"ligatures": ""
			},
			"setIdx": 0,
			"iconIdx": 137
		},
		{
			"icon": {
				"paths": [
					"M768 64h-128c-105.87 0-192 86.13-192 192v192h-400c-26.4 0-48 21.6-48 48v480c0 26.4 21.6 48 48 48h544c26.4 0 48-21.6 48-48v-480c0-26.4-21.6-48-48-48h-16v-192c0-35.29 28.71-64 64-64h128c35.29 0 64 28.71 64 64v192h128v-192c0-105.87-86.13-192-192-192zM384 896h-128l27.84-139.2c-16.808-11.532-27.84-30.874-27.84-52.8 0-35.346 28.654-64 64-64 35.346 0 64 28.654 64 64 0 21.926-11.032 41.268-27.84 52.8l27.84 139.2z"
				],
				"tags": [
					"unlocked",
					"lock"
				],
				"grid": 16
			},
			"properties": {
				"order": 6,
				"id": 139,
				"prevSize": 32,
				"code": 58882,
				"name": "unlocked",
				"ligatures": ""
			},
			"setIdx": 0,
			"iconIdx": 138
		},
		{
			"icon": {
				"paths": [
					"M192 128l640 384-640 384z"
				],
				"tags": [
					"play",
					"media control",
					"audio"
				],
				"grid": 16
			},
			"properties": {
				"order": 7,
				"id": 267,
				"prevSize": 32,
				"code": 58883,
				"name": "play",
				"ligatures": ""
			},
			"setIdx": 0,
			"iconIdx": 266
		},
		{
			"icon": {
				"paths": [
					"M747.52 307.251l-471.040-0.051 235.52 409.6z"
				],
				"tags": [
					"arrow-down",
					"triangle",
					"down",
					"bottom"
				],
				"grid": 20
			},
			"properties": {
				"order": 9,
				"id": 203,
				"prevSize": 20,
				"code": 58885,
				"name": "arrow-down",
				"ligatures": ""
			},
			"setIdx": 3,
			"iconIdx": 202
		},
		{
			"icon": {
				"paths": [
					"M307.251 276.48l-0.051 471.040 409.6-235.52z"
				],
				"tags": [
					"arrow-right",
					"triangle",
					"right",
					"next"
				],
				"grid": 20
			},
			"properties": {
				"order": 8,
				"id": 205,
				"prevSize": 20,
				"code": 58886,
				"name": "arrow-right",
				"ligatures": ""
			},
			"setIdx": 3,
			"iconIdx": 204
		}
	],
	"height": 1024,
	"metadata": {
		"name": "icomoon"
	},
	"preferences": {
		"fontPref": {
			"prefix": "icon-",
			"metadata": {
				"fontFamily": "icomoon",
				"majorVersion": 1,
				"minorVersion": 0
			},
			"showGlyphs": true,
			"metrics": {
				"emSize": 1024,
				"baseline": 6.25,
				"whitespace": 50
			},
			"resetPoint": 58880,
			"showQuickUse": true,
			"quickUsageToken": false,
			"showMetrics": true,
			"showMetadata": false,
			"autoHost": true
		},
		"imagePref": {
			"color": 0,
			"height": 16,
			"columns": 16,
			"margin": 16,
			"png": true,
			"sprites": false
		},
		"historySize": 100,
		"showCodes": true,
		"gridSize": 16,
		"showLiga": false,
		"showGrid": true,
		"showGlyphs": true,
		"showQuickUse": true,
		"quickUsageToken": {
			"UntitledProject1": "YjRmYWIxY2Y5YTE4MTJiYTdlZGRkZjgwYjE5OGU5ZTQjMiMxMzk2MDU3NzUxIyMj"
		},
		"search": ""
	}
}